timestamp,warehouse,temperature,humidity,shelf_weight_pct
2025-10-28T17:21:42.493309,Mumbai,17.957375290371683,59.65954279044149,69.9573822389921
2025-10-28T17:21:42.493309,Delhi,18.947846766092535,49.75432890868472,53.33297577795002
2025-10-28T17:21:42.493309,Bangalore,17.42802858607193,48.531319723433505,30.342840416698937
2025-10-28T17:21:42.493309,Chennai,18.80843506294336,47.586945586779066,29.459983686561944
2025-10-28T17:21:42.493309,Kolkata,13.711730471113412,46.40646982167087,61.3271199970301
2025-10-28T17:06:42.493309,Mumbai,19.08320302668958,47.72102326976584,63.11102259207632
2025-10-28T17:06:42.493309,Delhi,16.19322161040912,52.14759931028154,37.35834002727928
2025-10-28T17:06:42.493309,Bangalore,19.332002211351284,56.54869838046208,51.23552344092208
2025-10-28T17:06:42.493309,Chennai,16.91628591039127,56.49870851788702,58.09991169886666
2025-10-28T17:06:42.493309,Kolkata,19.75637889104942,44.092589683429765,52.989811586071504
2025-10-28T16:51:42.493309,Mumbai,17.867354149778073,48.82235705983652,65.45343503352578
2025-10-28T16:51:42.493309,Delhi,18.02266216581277,42.0148163354039,73.01784410854371
2025-10-28T16:51:42.493309,Bangalore,17.659452263931012,49.89943574380759,45.39739292509098
2025-10-28T16:51:42.493309,Chennai,23.518630561680403,43.15522744443459,52.11610689033661
2025-10-28T16:51:42.493309,Kolkata,19.946748586820267,53.72587634921296,52.18282634505404
2025-10-28T16:36:42.493309,Mumbai,18.80195136687502,46.94602892923247,60.84558143011507
2025-10-28T16:36:42.493309,Delhi,21.261837842017055,55.45952376299313,69.3628102636707
2025-10-28T16:36:42.493309,Bangalore,17.895634474587894,44.156809495200136,64.628491001959
2025-10-28T16:36:42.493309,Chennai,18.30599464114658,48.953543675799324,58.68659706317519
2025-10-28T16:36:42.493309,Kolkata,17.079822162980985,53.72583858356495,43.97104913109791
2025-10-28T16:21:42.493309,Mumbai,16.107029046332308,49.803449976750116,57.528254913886194
2025-10-28T16:21:42.493309,Delhi,19.604099569883967,55.094762917926985,76.92923516598316
2025-10-28T16:21:42.493309,Bangalore,18.757131267319597,48.98039345591889,47.61697227166646
2025-10-28T16:21:42.493309,Chennai,18.194478246848,48.47977992217238,55.1964552912771
2025-10-28T16:21:42.493309,Kolkata,17.63841501072407,48.21830976974399,49.65411974818733
2025-10-28T16:06:42.493309,Mumbai,19.78126957888446,49.47695133671011,68.1825817824549
2025-10-28T16:06:42.493309,Delhi,18.92253771714805,53.688412112810056,73.15840133958264
2025-10-28T16:06:42.493309,Bangalore,16.994836262299692,45.597732739982234,64.81200855990478
2025-10-28T16:06:42.493309,Chennai,15.850144975319857,45.6396153398243,69.9114728612216
2025-10-28T16:06:42.493309,Kolkata,17.243844783037304,57.286232345943674,81.89551452277826
2025-10-28T15:51:42.493309,Mumbai,19.830621464515193,50.89424922516999,67.40144607480295
2025-10-28T15:51:42.493309,Delhi,16.50426109253631,47.46449580221385,55.01278730283073
2025-10-28T15:51:42.493309,Bangalore,15.289142038232377,53.58134647568245,62.53292324355779
2025-10-28T15:51:42.493309,Chennai,18.775344821582134,48.600945105788476,54.339531729707446
2025-10-28T15:51:42.493309,Kolkata,15.874215835911937,45.28829278190333,64.53654715918132
2025-10-28T15:36:42.493309,Mumbai,17.47304973823355,61.1041539141945,49.82763661231108
2025-10-28T15:36:42.493309,Delhi,18.29133743312551,47.29247713233814,69.08356516448637
2025-10-28T15:36:42.493309,Bangalore,17.512784197596666,48.84074100744597,59.47582515543325
2025-10-28T15:36:42.493309,Chennai,15.660905615682704,47.747708705820195,67.00800449524613
2025-10-28T15:36:42.493309,Kolkata,18.03242177472716,48.62510054657566,49.37079410902929
2025-10-28T15:21:42.493309,Mumbai,16.51265822011683,43.15032807626725,52.577315722151965
2025-10-28T15:21:42.493309,Delhi,17.769147523686836,50.599948591312184,67.55533015951805
2025-10-28T15:21:42.493309,Bangalore,19.604819795937477,41.15439113009427,64.35586658575471
2025-10-28T15:21:42.493309,Chennai,18.112235332369178,50.28724512359672,62.75595241269587
2025-10-28T15:21:42.493309,Kolkata,18.093640513647,51.75474823451423,69.55805566140515
2025-10-28T15:06:42.493309,Mumbai,19.92491424165939,57.243798755937455,52.899783346563964
2025-10-28T15:06:42.493309,Delhi,16.591794173174694,52.061514238277184,51.73006706728466
2025-10-28T15:06:42.493309,Bangalore,17.19559552186243,40.584037012845506,56.27732688753066
2025-10-28T15:06:42.493309,Chennai,16.377024957805567,45.475118063123176,58.116092519995924
2025-10-28T15:06:42.493309,Kolkata,19.44997760674777,42.68283005228204,75.59122783257081
2025-10-28T14:51:42.493309,Mumbai,17.94356826107137,56.330408118122726,58.43972823575452
2025-10-28T14:51:42.493309,Delhi,16.847722298998814,46.2514828027846,56.04835441860575
2025-10-28T14:51:42.493309,Bangalore,21.553794457102537,46.9144821601718,70.1814926484425
2025-10-28T14:51:42.493309,Chennai,17.37487949298608,44.387997172640965,65.01482719803612
2025-10-28T14:51:42.493309,Kolkata,16.757966648995623,44.899318571728095,55.42326959962607
2025-10-28T14:36:42.493309,Mumbai,17.975051373686817,56.26496533006761,57.54479883999708
2025-10-28T14:36:42.493309,Delhi,16.558635449670152,44.99863141385358,70.50350007682117
2025-10-28T14:36:42.493309,Bangalore,16.582885283534257,48.91283271461337,50.33637369296777
2025-10-28T14:36:42.493309,Chennai,16.00160662250468,51.8384471332245,46.58323549668048
2025-10-28T14:36:42.493309,Kolkata,19.361432522067926,52.12459854058086,58.556636090687164
2025-10-28T14:21:42.493309,Mumbai,22.60896758064269,50.25723989095086,60.283692687578174
2025-10-28T14:21:42.493309,Delhi,17.353256720899346,47.36303397455734,50.3364843956738
2025-10-28T14:21:42.493309,Bangalore,19.278913909750223,44.241107787218226,46.700299856572784
2025-10-28T14:21:42.493309,Chennai,17.51952132509682,49.61053711513679,59.60978561102621
2025-10-28T14:21:42.493309,Kolkata,18.464085184604457,52.42459913606042,53.90305211050153
2025-10-28T14:06:42.493309,Mumbai,21.606141117428002,52.67796162156425,43.1959767020693
2025-10-28T14:06:42.493309,Delhi,19.764233560307805,55.62627918413402,63.0398971697552
2025-10-28T14:06:42.493309,Bangalore,19.219827978113212,52.63815772010447,64.24888890914266
2025-10-28T14:06:42.493309,Chennai,15.286828092009053,56.26405998969773,54.64417649842764
2025-10-28T14:06:42.493309,Kolkata,16.8109746179185,52.41363481891572,74.14790703475936
2025-10-28T13:51:42.493309,Mumbai,17.077234922177638,56.85451307566304,80.09084498001594
2025-10-28T13:51:42.493309,Delhi,19.283850556497168,53.60336036499112,63.17971988266551
2025-10-28T13:51:42.493309,Bangalore,15.105425456060996,44.44682619355612,55.67732602090303
2025-10-28T13:51:42.493309,Chennai,17.400242745347686,52.948708306863935,55.872376330922926
2025-10-28T13:51:42.493309,Kolkata,16.75482833183243,46.54623380920077,39.75675974641522
2025-10-28T13:36:42.493309,Mumbai,19.352488541457483,42.27382847303362,57.52931732232989
2025-10-28T13:36:42.493309,Delhi,22.198615072356027,46.322472822408194,51.060851392372555
2025-10-28T13:36:42.493309,Bangalore,15.741564644085514,47.39747184827005,73.11163523739098
2025-10-28T13:36:42.493309,Chennai,17.584746110087686,42.523884217522195,77.91140813053667
2025-10-28T13:36:42.493309,Kolkata,17.000459336124763,55.402359599993275,50.348015916701705
2025-10-28T13:21:42.493309,Mumbai,18.058597042424253,47.49461023816193,49.91062269876332
2025-10-28T13:21:42.493309,Delhi,17.39001077909478,50.90633436187986,61.780845445336915
2025-10-28T13:21:42.493309,Bangalore,16.92512450817044,44.932964223799615,49.00759770888635
2025-10-28T13:21:42.493309,Chennai,19.037892277654024,55.187518500601605,42.815153153474746
2025-10-28T13:21:42.493309,Kolkata,19.915308056171583,44.01261522145825,46.23270530516591
2025-10-28T13:06:42.493309,Mumbai,18.34828128573559,50.26871520664086,68.22919841093068
2025-10-28T13:06:42.493309,Delhi,13.16883043810388,43.87302463081649,55.93334553518391
2025-10-28T13:06:42.493309,Bangalore,16.066254870978938,48.27836987426464,66.38740580476139
2025-10-28T13:06:42.493309,Chennai,20.204413789177764,46.39574494720992,61.38314511427458
2025-10-28T13:06:42.493309,Kolkata,20.676050258905434,51.94756638647133,57.81912299074453
2025-10-28T12:51:42.493309,Mumbai,19.030097201266887,51.52196374557042,38.675696428434065
2025-10-28T12:51:42.493309,Delhi,18.849982166136897,48.64377691953661,68.36393465798547
2025-10-28T12:51:42.493309,Bangalore,17.206141552685533,42.41964381370508,59.15170716017204
2025-10-28T12:51:42.493309,Chennai,19.56189549570546,48.13345795049367,63.24875113620223
2025-10-28T12:51:42.493309,Kolkata,18.51060944279941,50.2296669773972,67.271035131421
2025-10-28T12:36:42.493309,Mumbai,20.064386897995988,44.40140297493062,56.82766804963585
2025-10-28T12:36:42.493309,Delhi,16.907559444799375,50.66462800468955,54.72042464891201
2025-10-28T12:36:42.493309,Bangalore,17.34567389778983,51.10057179598026,69.25201993529332
2025-10-28T12:36:42.493309,Chennai,14.817668675099563,48.21616911518038,54.08912885108635
2025-10-28T12:36:42.493309,Kolkata,15.139700025878817,41.79150500346042,42.35458441430766
2025-10-28T12:21:42.493309,Mumbai,24.051665246033092,46.753814603161636,52.43938292550877
2025-10-28T12:21:42.493309,Delhi,18.740161675385,47.52664700286924,70.7917709592999
2025-10-28T12:21:42.493309,Bangalore,18.678642253028663,46.21425715353605,56.299326001244786
2025-10-28T12:21:42.493309,Chennai,17.28828890291385,50.93433258827387,48.71215626387456
2025-10-28T12:21:42.493309,Kolkata,23.6920306942019,43.29676607678148,67.22418839237984
2025-10-28T12:06:42.493309,Mumbai,18.11108973857833,59.84849988329202,58.01382899901379
2025-10-28T12:06:42.493309,Delhi,15.860812092884487,48.27134774755478,51.4313272886932
2025-10-28T12:06:42.493309,Bangalore,18.52426790028358,50.44710174379013,56.63481279955137
2025-10-28T12:06:42.493309,Chennai,19.800318126505235,44.85291904939496,62.44429608772545
2025-10-28T12:06:42.493309,Kolkata,17.568064958149566,49.13175016963946,59.86420753197897
2025-10-28T11:51:42.493309,Mumbai,18.766059207390978,46.8740803849112,58.2600587644127
2025-10-28T11:51:42.493309,Delhi,18.403189261718033,53.91616159793618,63.62625209433449
2025-10-28T11:51:42.493309,Bangalore,19.41009552244408,44.659280890595035,50.8509689019056
2025-10-28T11:51:42.493309,Chennai,17.390373571723096,42.90203321673172,55.55391568361006
2025-10-28T11:51:42.493309,Kolkata,17.037058905724937,47.07607908527216,50.363187517031726
2025-10-28T11:36:42.493309,Mumbai,17.690593808223213,48.24241203387264,53.98405893411949
2025-10-28T11:36:42.493309,Delhi,18.16823907411914,49.913742098872625,64.75398775779117
2025-10-28T11:36:42.493309,Bangalore,16.92866906545644,55.936174273359896,56.6850641979577
2025-10-28T11:36:42.493309,Chennai,15.08009413447504,53.821774516511965,45.786171922912295
2025-10-28T11:36:42.493309,Kolkata,16.91228747508248,54.29741618752472,51.89986940334156
2025-10-28T11:21:42.493309,Mumbai,20.436062547995718,46.786216234523955,66.41993924214734
2025-10-28T11:21:42.493309,Delhi,20.51197885675242,56.337256968331054,66.43199033273109
2025-10-28T11:21:42.493309,Bangalore,18.8057989897513,51.50654007463105,54.26295471801689
2025-10-28T11:21:42.493309,Chennai,15.830603881957446,52.4678384564943,41.53301243891815
2025-10-28T11:21:42.493309,Kolkata,17.403275242095134,44.71016496027771,46.624396273461606
2025-10-28T11:06:42.493309,Mumbai,19.29620668869548,60.159232727321054,72.74795701903044
2025-10-28T11:06:42.493309,Delhi,19.139985327222178,64.4792456764574,69.9745261198415
2025-10-28T11:06:42.493309,Bangalore,18.915981307160457,45.04112822627245,71.59284061917656
2025-10-28T11:06:42.493309,Chennai,18.349061481203993,45.840064474279075,67.1037984446993
2025-10-28T11:06:42.493309,Kolkata,15.90110633544265,50.79866605993655,69.31909699435255
2025-10-28T10:51:42.493309,Mumbai,20.602767830491434,50.6401398847851,51.64339406918104
2025-10-28T10:51:42.493309,Delhi,15.210564950689445,44.51845845375108,71.22956991197844
2025-10-28T10:51:42.493309,Bangalore,16.285511739109825,47.835710073439735,67.02631802615578
2025-10-28T10:51:42.493309,Chennai,18.582978586891766,48.422979439697826,70.09562245787451
2025-10-28T10:51:42.493309,Kolkata,18.185189456290754,50.51826681673049,55.83498436778121
2025-10-28T10:36:42.493309,Mumbai,20.61120476127932,52.368321502399695,44.48496919792021
2025-10-28T10:36:42.493309,Delhi,18.00017588015739,52.50132028801646,48.981528632771344
2025-10-28T10:36:42.493309,Bangalore,18.878114475365933,48.24574491765718,60.17999794058893
2025-10-28T10:36:42.493309,Chennai,17.38840150338244,48.67248863269834,72.20223188260466
2025-10-28T10:36:42.493309,Kolkata,21.010331753117104,56.7176613420885,56.16692732426703
2025-10-28T10:21:42.493309,Mumbai,18.750302941412563,56.04479733850152,57.98353018693237
2025-10-28T10:21:42.493309,Delhi,19.86882138410414,48.840453110927996,53.86404849731503
2025-10-28T10:21:42.493309,Bangalore,15.42420700933469,51.09686783824354,49.50838519976928
2025-10-28T10:21:42.493309,Chennai,16.335187304172504,41.59183583117644,80.39803478136415
2025-10-28T10:21:42.493309,Kolkata,17.716312689678457,54.537781232195165,54.612565653441365
2025-10-28T10:06:42.493309,Mumbai,17.387959113558114,54.38720358247695,62.76602397297572
2025-10-28T10:06:42.493309,Delhi,17.887644066701775,60.063492975073444,73.03947467266627
2025-10-28T10:06:42.493309,Bangalore,17.6390917366814,44.594206627302,57.8049824398062
2025-10-28T10:06:42.493309,Chennai,24.081585764327315,51.52902034307932,63.2895986839073
2025-10-28T10:06:42.493309,Kolkata,18.771419204049103,53.228416397448754,66.56115680281214
2025-10-28T09:51:42.493309,Mumbai,16.909659784767307,48.56379662840619,61.379109784929206
2025-10-28T09:51:42.493309,Delhi,19.98022516932009,53.30642342553742,56.92309534213669
2025-10-28T09:51:42.493309,Bangalore,16.456484701898727,55.67308193696766,63.2393787987485
2025-10-28T09:51:42.493309,Chennai,19.06740465066517,51.17517394185947,73.90974305368428
2025-10-28T09:51:42.493309,Kolkata,16.877603856579196,49.21632067987599,43.75895812823861
2025-10-28T09:36:42.493309,Mumbai,15.635291728598482,52.416046791780275,68.47966504753357
2025-10-28T09:36:42.493309,Delhi,19.562968447667174,43.371255333876945,51.825895271996245
2025-10-28T09:36:42.493309,Bangalore,17.989724735878873,48.10907359500875,64.24793636024064
2025-10-28T09:36:42.493309,Chennai,14.792318628452898,53.59878947619622,52.40880473948255
2025-10-28T09:36:42.493309,Kolkata,18.812654958528498,51.09480185330208,41.78021223100227
2025-10-28T09:21:42.493309,Mumbai,15.858905834020321,45.61786488335634,49.00257439853938
2025-10-28T09:21:42.493309,Delhi,19.025941622757834,51.588239234564675,55.36250431299533
2025-10-28T09:21:42.493309,Bangalore,20.20568143935436,48.3527562011485,101.28741232635835
2025-10-28T09:21:42.493309,Chennai,20.134405515402506,48.44065043810758,77.22864522924579
2025-10-28T09:21:42.493309,Kolkata,19.10450957857261,50.0372713027335,59.6631668335316
2025-10-28T09:06:42.493309,Mumbai,19.93950923392479,53.6848654627821,66.17125496830755
2025-10-28T09:06:42.493309,Delhi,16.6938075503512,43.954958684112924,52.57494814067538
2025-10-28T09:06:42.493309,Bangalore,21.49126144904146,54.388862889662505,71.14913245985295
2025-10-28T09:06:42.493309,Chennai,16.782179970899332,55.99899553711023,52.6618902858652
2025-10-28T09:06:42.493309,Kolkata,16.029765409126487,48.44858055094545,60.65039965203706
2025-10-28T08:51:42.493309,Mumbai,18.361761013564212,48.46807467300283,80.05127394877279
2025-10-28T08:51:42.493309,Delhi,17.86091541705099,53.437233840916626,58.67014341201865
2025-10-28T08:51:42.493309,Bangalore,21.648402610884943,44.398211746274754,57.841170808098056
2025-10-28T08:51:42.493309,Chennai,19.371942053791027,55.771833589721844,63.72100246064211
2025-10-28T08:51:42.493309,Kolkata,14.731154651499878,50.201774922017535,67.96568910321182
2025-10-28T08:36:42.493309,Mumbai,20.23212388601543,47.7621146848986,80.67399427970436
2025-10-28T08:36:42.493309,Delhi,18.56467986308878,50.17616573817786,64.32043873267183
2025-10-28T08:36:42.493309,Bangalore,19.312067594192563,48.70472669863497,77.30467688198458
2025-10-28T08:36:42.493309,Chennai,20.334775532924418,51.77219892128505,66.30350974997569
2025-10-28T08:36:42.493309,Kolkata,17.113076782355847,51.429615396019216,67.84586487163364
2025-10-28T08:21:42.493309,Mumbai,19.61101153252004,55.37620382774838,67.00887836197674
2025-10-28T08:21:42.493309,Delhi,18.34885323225318,52.56135897887992,60.417676938463
2025-10-28T08:21:42.493309,Bangalore,18.93594231839966,52.21400693211675,56.62825775279749
2025-10-28T08:21:42.493309,Chennai,19.570411905404534,41.984337487912505,54.800724221289
2025-10-28T08:21:42.493309,Kolkata,15.480334246398254,45.92918525242102,52.79697906125436
2025-10-28T08:06:42.493309,Mumbai,18.79412204964266,63.44846121784414,52.65316157242035
2025-10-28T08:06:42.493309,Delhi,17.87846848494308,42.81078716771189,60.82894194626556
2025-10-28T08:06:42.493309,Bangalore,16.633228524030358,45.60379016165904,66.38995353185254
2025-10-28T08:06:42.493309,Chennai,16.759158263534733,51.513523422498146,56.039645028315356
2025-10-28T08:06:42.493309,Kolkata,16.38646595734397,48.749965626478556,54.22760133205202
2025-10-28T07:51:42.493309,Mumbai,21.14692847512127,49.05228720711314,63.11034963201333
2025-10-28T07:51:42.493309,Delhi,15.817016220821834,48.35618093599805,65.5438852004125
2025-10-28T07:51:42.493309,Bangalore,22.124111539376436,50.72799416879467,69.45530427300515
2025-10-28T07:51:42.493309,Chennai,17.58145857827722,49.492390066546704,48.357164421923436
2025-10-28T07:51:42.493309,Kolkata,17.639413807270476,62.142293035144334,56.23308188384778
2025-10-28T07:36:42.493309,Mumbai,19.089452009252042,47.45213686262767,45.284273698903746
2025-10-28T07:36:42.493309,Delhi,19.686182202318612,54.56011512598993,57.2461368110429
2025-10-28T07:36:42.493309,Bangalore,19.558045996216173,60.020859494676316,61.89623584359647
2025-10-28T07:36:42.493309,Chennai,18.653959434181207,52.852217667496305,60.86942850146035
2025-10-28T07:36:42.493309,Kolkata,18.490162936439322,49.871160522419906,49.15228437067912
2025-10-28T07:21:42.493309,Mumbai,18.115085072621497,49.97007064270462,53.73779722892451
2025-10-28T07:21:42.493309,Delhi,18.64195444260395,45.85087034599103,60.16284324958406
2025-10-28T07:21:42.493309,Bangalore,18.01709422018411,51.58767076226276,67.87710819004295
2025-10-28T07:21:42.493309,Chennai,17.264905907715946,52.42528859238219,34.86476851268894
2025-10-28T07:21:42.493309,Kolkata,20.05469983267254,44.10632807896264,74.75950773294262
2025-10-28T07:06:42.493309,Mumbai,18.761466259145337,50.30685359040532,53.54725617532418
2025-10-28T07:06:42.493309,Delhi,20.544503350246103,51.694915559457066,60.82955696351596
2025-10-28T07:06:42.493309,Bangalore,17.431060353236518,49.71501709219556,57.916152175502795
2025-10-28T07:06:42.493309,Chennai,22.777860571337023,49.446083958421426,73.66102574135284
2025-10-28T07:06:42.493309,Kolkata,16.269063644331762,48.74979404770374,48.28660423178063
2025-10-28T06:51:42.493309,Mumbai,18.173864734686983,53.32846658130839,61.79362652620683
2025-10-28T06:51:42.493309,Delhi,19.0698775508964,42.43197774740668,63.06934062747297
2025-10-28T06:51:42.493309,Bangalore,20.210164699415966,59.6053564235191,65.59268234686502
2025-10-28T06:51:42.493309,Chennai,17.221520794799794,50.551104316959396,53.61652398272386
2025-10-28T06:51:42.493309,Kolkata,20.44986287903652,52.49708964220371,60.53179129527454
2025-10-28T06:36:42.493309,Mumbai,20.413612836759043,47.28062516248023,40.36279313384634
2025-10-28T06:36:42.493309,Delhi,18.24862476418489,51.014068708667956,70.47156094228124
2025-10-28T06:36:42.493309,Bangalore,21.086252852646247,33.16844812353132,46.14534625340429
2025-10-28T06:36:42.493309,Chennai,16.290419272526982,46.25710890477466,62.02897431986956
2025-10-28T06:36:42.493309,Kolkata,16.707169555949854,44.935649934772776,53.63030846865234
2025-10-28T06:21:42.493309,Mumbai,17.361843720090487,51.914393297953616,62.12191130207487
2025-10-28T06:21:42.493309,Delhi,17.150121443774648,57.59127459731449,65.4606208961389
2025-10-28T06:21:42.493309,Bangalore,17.572745167896,51.265476398408744,59.29977171616508
2025-10-28T06:21:42.493309,Chennai,20.410638684927815,56.84757032722071,60.30413004397809
2025-10-28T06:21:42.493309,Kolkata,17.972148585940275,43.1598329569481,66.81119041219907
2025-10-28T06:06:42.493309,Mumbai,18.48185948529555,52.79093681203823,64.18040211112996
2025-10-28T06:06:42.493309,Delhi,19.95660367200616,45.589670822657425,49.76120178809233
2025-10-28T06:06:42.493309,Bangalore,21.268071696176253,39.903056486327934,58.88654307793574
2025-10-28T06:06:42.493309,Chennai,18.822113405889553,45.47984939523989,60.02841677423412
2025-10-28T06:06:42.493309,Kolkata,18.29535549843074,48.44919298888117,84.782361055654
2025-10-28T05:51:42.493309,Mumbai,19.687827839014325,51.64469304005478,44.772589116816505
2025-10-28T05:51:42.493309,Delhi,18.305289661337582,52.21497534513786,60.59223165549664
2025-10-28T05:51:42.493309,Bangalore,18.336947078378028,39.94511412850769,59.37203528744106
2025-10-28T05:51:42.493309,Chennai,19.59214796319572,49.19995187951987,71.97832705334727
2025-10-28T05:51:42.493309,Kolkata,20.166055691613742,54.468949193922526,62.217652446568295
2025-10-28T05:36:42.493309,Mumbai,20.35226717359365,48.45440231378111,49.37798713455082
2025-10-28T05:36:42.493309,Delhi,15.253486603058779,46.02196444653825,68.2591216906357
2025-10-28T05:36:42.493309,Bangalore,15.684324783170592,56.956648430705656,64.91169609175229
2025-10-28T05:36:42.493309,Chennai,17.617005446997933,53.795407416815166,67.39734370877244
2025-10-28T05:36:42.493309,Kolkata,20.169343322065735,47.493811987111314,67.50127723921574
2025-10-28T05:21:42.493309,Mumbai,18.854425999839446,42.10219399762984,69.49114668948367
2025-10-28T05:21:42.493309,Delhi,17.841182110925523,42.02011201572817,48.492379881682986
2025-10-28T05:21:42.493309,Bangalore,17.945859718241667,52.53596877384848,56.57993977345053
2025-10-28T05:21:42.493309,Chennai,18.617435216411927,49.516541322913724,66.93386378457222
2025-10-28T05:21:42.493309,Kolkata,19.373577059766525,49.56841357576455,68.15083176607645
2025-10-28T05:06:42.493309,Mumbai,17.50731685926875,49.87728371427342,64.29332318160738
2025-10-28T05:06:42.493309,Delhi,17.508844392945377,46.466940373800604,54.744064749309345
2025-10-28T05:06:42.493309,Bangalore,14.379171366676614,55.158581552809345,57.57033661787673
2025-10-28T05:06:42.493309,Chennai,16.554358821610485,53.326771712406014,67.25903157259009
2025-10-28T05:06:42.493309,Kolkata,14.29726463464603,47.66895322041147,53.794013212940186
2025-10-28T04:51:42.493309,Mumbai,20.535875957651534,61.76388800835591,67.4211325782476
2025-10-28T04:51:42.493309,Delhi,22.84391958060038,47.025132041809385,64.07815436801162
2025-10-28T04:51:42.493309,Bangalore,20.28817043658541,47.81601458250892,69.58879214439057
2025-10-28T04:51:42.493309,Chennai,17.91446036843707,52.248954744068755,47.19912047339851
2025-10-28T04:51:42.493309,Kolkata,19.0792649638528,53.22807346315155,72.45657729628405
2025-10-28T04:36:42.493309,Mumbai,17.517292100165786,53.69785271835596,54.17237643411792
2025-10-28T04:36:42.493309,Delhi,17.660140633544465,56.13979291122583,51.471013353000444
2025-10-28T04:36:42.493309,Bangalore,21.16470604500892,54.708471669416106,54.435383508699005
2025-10-28T04:36:42.493309,Chennai,14.08077983263694,48.08881442279084,64.43394828384939
2025-10-28T04:36:42.493309,Kolkata,17.794113741363788,49.49545300156702,62.29164562032776
2025-10-28T04:21:42.493309,Mumbai,21.206473192439166,45.32412203439371,77.90921720396705
2025-10-28T04:21:42.493309,Delhi,17.60285360144233,50.138857330230444,43.67223239115582
2025-10-28T04:21:42.493309,Bangalore,15.53775968469595,43.54267770388936,60.70925023866187
2025-10-28T04:21:42.493309,Chennai,15.82381818025215,50.71710194447801,56.30101723559584
2025-10-28T04:21:42.493309,Kolkata,19.668845829517068,51.42067383212083,49.971190422762774
2025-10-28T04:06:42.493309,Mumbai,16.924491701760367,52.658077693773535,73.0584880344118
2025-10-28T04:06:42.493309,Delhi,18.191672667232215,53.041924768584714,46.86407274829038
2025-10-28T04:06:42.493309,Bangalore,14.749724658869347,54.343601574786454,59.01756059422235
2025-10-28T04:06:42.493309,Chennai,15.576401565913411,39.94610393336495,49.22855336309079
2025-10-28T04:06:42.493309,Kolkata,18.432592349494175,45.89816139417988,64.25076796016562
2025-10-28T03:51:42.493309,Mumbai,19.213097391460753,55.438162960066556,63.11211739302597
2025-10-28T03:51:42.493309,Delhi,17.339777268794233,51.292555572443675,41.17656916169136
2025-10-28T03:51:42.493309,Bangalore,16.04686561153356,54.23099682338694,66.14791423724726
2025-10-28T03:51:42.493309,Chennai,19.013466216646517,53.82472817991823,59.59051505582714
2025-10-28T03:51:42.493309,Kolkata,14.139209225687003,45.67129697301687,47.91789352024059
2025-10-28T03:36:42.493309,Mumbai,15.447210379743206,57.098538803388706,56.17316684119515
2025-10-28T03:36:42.493309,Delhi,16.43256475870947,42.82145211926905,54.17856214795707
2025-10-28T03:36:42.493309,Bangalore,19.19473460334713,64.42745200789923,67.05615587552184
2025-10-28T03:36:42.493309,Chennai,16.382457252790754,40.65681997081905,52.05701307697555
2025-10-28T03:36:42.493309,Kolkata,17.31907150405553,47.41703882251997,83.84304499651216
2025-10-28T03:21:42.493309,Mumbai,20.888354122867522,51.705489563902646,64.60178955488568
2025-10-28T03:21:42.493309,Delhi,19.50819033406594,49.96791182825685,47.29284801021446
2025-10-28T03:21:42.493309,Bangalore,21.30564288040418,37.77400222041165,68.67359470362196
2025-10-28T03:21:42.493309,Chennai,22.355634809768915,58.621283330925394,55.23982258760796
2025-10-28T03:21:42.493309,Kolkata,19.866076838461385,51.33934297999636,55.89015096914318
2025-10-28T03:06:42.493309,Mumbai,20.389326556682448,45.95964900778448,63.230337975921714
2025-10-28T03:06:42.493309,Delhi,15.93528917050266,50.53867021366123,52.07414107017814
2025-10-28T03:06:42.493309,Bangalore,20.147362175757195,40.439683687843655,58.8953815609481
2025-10-28T03:06:42.493309,Chennai,17.671330516817008,44.837436627321495,66.10647542378217
2025-10-28T03:06:42.493309,Kolkata,20.250530992241472,53.511855425743036,61.25333261472261
2025-10-28T02:51:42.493309,Mumbai,16.850478936202755,41.53071710207489,71.24011441122985
2025-10-28T02:51:42.493309,Delhi,18.542608841593132,47.099567785893456,59.049821135526265
2025-10-28T02:51:42.493309,Bangalore,19.06229249736596,47.43171205294678,53.15560530784204
2025-10-28T02:51:42.493309,Chennai,19.500548303574845,44.923425576389654,63.10970254554626
2025-10-28T02:51:42.493309,Kolkata,19.283316598469803,45.9982165524938,59.603337005922405
2025-10-28T02:36:42.493309,Mumbai,17.74872265136572,50.948154006699326,70.01131261895225
2025-10-28T02:36:42.493309,Delhi,14.037225627888919,53.19225375659128,53.81083085568199
2025-10-28T02:36:42.493309,Bangalore,20.012194355185315,50.29121966601651,62.96888981477451
2025-10-28T02:36:42.493309,Chennai,19.29760246841851,44.82138836057477,75.14358135455807
2025-10-28T02:36:42.493309,Kolkata,20.31389891278572,51.38500760631755,65.7835203805966
2025-10-28T02:21:42.493309,Mumbai,19.57624197949962,54.33179518153615,58.931462455164585
2025-10-28T02:21:42.493309,Delhi,18.600592397737724,45.93593592640144,52.83982657935407
2025-10-28T02:21:42.493309,Bangalore,16.219818309787886,48.10773049001845,61.58158261222306
2025-10-28T02:21:42.493309,Chennai,21.722942113476364,65.45167988546545,43.50258338739839
2025-10-28T02:21:42.493309,Kolkata,19.135276651299485,47.99701925390147,65.50985565441829
2025-10-28T02:06:42.493309,Mumbai,17.948517375503517,42.522909590090336,72.73963666004028
2025-10-28T02:06:42.493309,Delhi,17.909105308897935,50.84177832780273,81.76212471555947
2025-10-28T02:06:42.493309,Bangalore,16.681538083622534,63.10251729770332,82.53771776482407
2025-10-28T02:06:42.493309,Chennai,20.284541013094362,44.31431336410015,51.42436551276432
2025-10-28T02:06:42.493309,Kolkata,17.586120556131345,54.02407012513909,48.09188101989578
2025-10-28T01:51:42.493309,Mumbai,19.788816734075283,50.54324452722392,48.34379417664529
2025-10-28T01:51:42.493309,Delhi,19.753212919120383,49.3221436838059,59.89852629741336
2025-10-28T01:51:42.493309,Bangalore,20.157588822067705,48.113493301624416,73.83932946152645
2025-10-28T01:51:42.493309,Chennai,16.580552442976156,49.47549783828902,52.385304415848296
2025-10-28T01:51:42.493309,Kolkata,19.480228011619108,50.08363110776384,57.33497527298052
2025-10-28T01:36:42.493309,Mumbai,16.88206531557468,50.86525700416554,43.611980414941385
2025-10-28T01:36:42.493309,Delhi,19.245937798010516,45.858745535815125,57.50807724938951
2025-10-28T01:36:42.493309,Bangalore,13.638772652429314,38.48498337677659,60.242581064688174
2025-10-28T01:36:42.493309,Chennai,18.557753290525262,53.3701188851108,45.54629211998538
2025-10-28T01:36:42.493309,Kolkata,18.48938057802879,40.22314314063838,56.72131547132033
2025-10-28T01:21:42.493309,Mumbai,18.3449971823932,49.01154470919184,62.86357103061542
2025-10-28T01:21:42.493309,Delhi,17.779853345061618,47.682724616283075,65.3308707106124
2025-10-28T01:21:42.493309,Bangalore,21.215130754062994,57.35734042520759,57.12585683160329
2025-10-28T01:21:42.493309,Chennai,18.37110855030355,42.325193187772655,61.18136435629875
2025-10-28T01:21:42.493309,Kolkata,21.312560226382097,44.69720793701007,66.43507875572182
2025-10-28T01:06:42.493309,Mumbai,19.19081322040566,50.92204165066683,63.66133900024804
2025-10-28T01:06:42.493309,Delhi,16.10836174874452,46.94126716603446,70.84731153523859
2025-10-28T01:06:42.493309,Bangalore,20.702588866721506,50.41966788064069,59.672837428404854
2025-10-28T01:06:42.493309,Chennai,15.689612067706811,50.59284379802471,61.18486328059641
2025-10-28T01:06:42.493309,Kolkata,20.211941568817178,46.954672410267364,65.98445682503028
2025-10-28T00:51:42.493309,Mumbai,21.01032676161483,43.542656667819585,54.794394290527535
2025-10-28T00:51:42.493309,Delhi,21.477724016645503,49.22280955355602,79.03305148729274
2025-10-28T00:51:42.493309,Bangalore,17.860529934869618,51.629333287042115,53.00250326821121
2025-10-28T00:51:42.493309,Chennai,18.342224535947516,52.38808288558975,60.89921928856474
2025-10-28T00:51:42.493309,Kolkata,15.337042447605521,52.38823015427801,72.91184318824163
2025-10-28T00:36:42.493309,Mumbai,19.4932380010873,58.0390194638398,56.28886434626002
2025-10-28T00:36:42.493309,Delhi,20.230037543524624,48.10648436366335,65.39934745332913
2025-10-28T00:36:42.493309,Bangalore,15.089616854508481,52.28711844369363,54.84161176206411
2025-10-28T00:36:42.493309,Chennai,19.885838204569886,56.18491016211874,77.06766075009057
2025-10-28T00:36:42.493309,Kolkata,16.7803035469178,50.3195941684383,40.40361927360412
2025-10-28T00:21:42.493309,Mumbai,17.866416271389035,47.06280220656428,50.290321462574695
2025-10-28T00:21:42.493309,Delhi,19.531247569656937,50.01750518005491,78.46723724434942
2025-10-28T00:21:42.493309,Bangalore,17.575602354477255,43.16346524383666,48.01203561409886
2025-10-28T00:21:42.493309,Chennai,18.019404868995267,52.49066493887181,45.73413499781308
2025-10-28T00:21:42.493309,Kolkata,22.12913624114205,50.08809356075329,59.216431772276174
2025-10-28T00:06:42.493309,Mumbai,16.782557818301356,54.39113398198511,59.69878377751922
2025-10-28T00:06:42.493309,Delhi,19.663997010005307,52.665958463924014,30.99184054592607
2025-10-28T00:06:42.493309,Bangalore,20.68029522753037,56.774623431315945,87.46944740992214
2025-10-28T00:06:42.493309,Chennai,18.874097086529993,58.53429377115581,51.64601491769318
2025-10-28T00:06:42.493309,Kolkata,19.68942729090929,55.77202547773795,75.70535598736001
2025-10-27T23:51:42.493309,Mumbai,19.84364644253291,54.258016158785345,58.30047430164312
2025-10-27T23:51:42.493309,Delhi,20.370991524740113,48.002159391845055,67.48955424653789
2025-10-27T23:51:42.493309,Bangalore,17.986710497790014,48.449260212450696,67.18002291198255
2025-10-27T23:51:42.493309,Chennai,16.882381264625153,44.263506280612994,70.32982776815304
2025-10-27T23:51:42.493309,Kolkata,15.041591041580574,39.91694497494451,49.61217067265191
2025-10-27T23:36:42.493309,Mumbai,19.950337566532554,46.33183901101396,58.236237271784525
2025-10-27T23:36:42.493309,Delhi,18.81816987459769,50.39370332823672,74.73644358678372
2025-10-27T23:36:42.493309,Bangalore,17.577465883786843,53.217949172017065,58.26187923278178
2025-10-27T23:36:42.493309,Chennai,17.304817997482466,47.83018750467367,68.16105286219396
2025-10-27T23:36:42.493309,Kolkata,16.58018729163508,52.800708680786606,65.06256761790998
2025-10-27T23:21:42.493309,Mumbai,17.987088036786133,48.522881455516526,59.29626118865183
2025-10-27T23:21:42.493309,Delhi,18.429450671996417,59.66175179227544,62.723181334820026
2025-10-27T23:21:42.493309,Bangalore,18.071484428634363,46.370575634820256,51.540818261930895
2025-10-27T23:21:42.493309,Chennai,16.978183306936785,44.9336121315202,82.15689089700757
2025-10-27T23:21:42.493309,Kolkata,20.131892653414248,44.81661075378125,63.67547034796759
2025-10-27T23:06:42.493309,Mumbai,17.87593810669294,53.73459011798554,47.59631355396448
2025-10-27T23:06:42.493309,Delhi,15.654217276295913,45.29390504307055,63.6653291368983
2025-10-27T23:06:42.493309,Bangalore,18.72644421089308,52.789790938665,57.46681309162699
2025-10-27T23:06:42.493309,Chennai,13.939036026727436,55.00441492336214,46.82124611907569
2025-10-27T23:06:42.493309,Kolkata,17.64831196494733,55.10512266872827,68.19995638480356
2025-10-27T22:51:42.493309,Mumbai,16.766139513047662,45.43128212540333,70.70651517131107
2025-10-27T22:51:42.493309,Delhi,17.246478069860007,44.975053132393334,52.76742928998531
2025-10-27T22:51:42.493309,Bangalore,17.50180108462545,50.99633006454623,60.28120967118369
2025-10-27T22:51:42.493309,Chennai,17.221713151962103,48.65343675852646,63.473796154550975
2025-10-27T22:51:42.493309,Kolkata,20.928779108526946,49.811144088186786,63.46798873495804
2025-10-27T22:36:42.493309,Mumbai,18.43229266202632,53.37889119495294,40.427950745686886
2025-10-27T22:36:42.493309,Delhi,18.38231247028604,47.28201456241963,65.52994736139655
2025-10-27T22:36:42.493309,Bangalore,16.58360586008014,43.747785233185915,75.68666316335022
2025-10-27T22:36:42.493309,Chennai,16.43344776191127,56.922446370157196,60.70914833646845
2025-10-27T22:36:42.493309,Kolkata,19.792878803343523,45.52562214474646,60.89170158805005
2025-10-27T22:21:42.493309,Mumbai,16.723811865270136,52.112476527561,57.46684258643733
2025-10-27T22:21:42.493309,Delhi,17.27090460232546,56.13284523330293,54.47660595929832
2025-10-27T22:21:42.493309,Bangalore,15.36445197254096,52.00305965511716,65.5484056042682
2025-10-27T22:21:42.493309,Chennai,17.97284399879936,45.75742133556989,49.51314305377675
2025-10-27T22:21:42.493309,Kolkata,16.406929239246466,52.387929158446816,70.25395726454829
2025-10-27T22:06:42.493309,Mumbai,21.52175019958894,43.42018097292801,43.983876610469494
2025-10-27T22:06:42.493309,Delhi,19.582913551076427,47.60887575370268,71.85298575535985
2025-10-27T22:06:42.493309,Bangalore,17.64636168177366,53.96112695860842,56.131262657055196
2025-10-27T22:06:42.493309,Chennai,18.56508367697636,51.29332878883588,70.92009153940494
2025-10-27T22:06:42.493309,Kolkata,14.126928756399328,47.373925043393434,66.3656577810094
2025-10-27T21:51:42.493309,Mumbai,18.379542018606124,47.573488506141445,86.15540981803892
2025-10-27T21:51:42.493309,Delhi,17.409896567215128,54.51304828374739,60.29890568472524
2025-10-27T21:51:42.493309,Bangalore,19.355598786999263,57.050972308745074,66.79334615915778
2025-10-27T21:51:42.493309,Chennai,20.069644510086007,44.69149845061956,58.24440682590014
2025-10-27T21:51:42.493309,Kolkata,17.145152365821737,59.06237989128645,58.11390367703173
2025-10-27T21:36:42.493309,Mumbai,19.24494487463812,45.59939532126351,59.9952364531979
2025-10-27T21:36:42.493309,Delhi,16.596954965120972,43.82780788055895,55.164306668363636
2025-10-27T21:36:42.493309,Bangalore,21.18343820285444,45.137743063122336,49.157296344288014
2025-10-27T21:36:42.493309,Chennai,17.758265649309124,52.124626455158136,64.50185029149992
2025-10-27T21:36:42.493309,Kolkata,18.97657656553994,49.76774425457368,59.97829098600026
2025-10-27T21:21:42.493309,Mumbai,20.407120597442674,55.90382396821782,44.362450440803336
2025-10-27T21:21:42.493309,Delhi,18.753092540357258,49.0957370828225,80.40835733376701
2025-10-27T21:21:42.493309,Bangalore,18.80147565833264,49.411437170901515,53.547448858601584
2025-10-27T21:21:42.493309,Chennai,15.543593856605245,51.38024543661891,55.25443735507442
2025-10-27T21:21:42.493309,Kolkata,17.320632926933595,56.62120264872069,45.839591764474754
2025-10-27T21:06:42.493309,Mumbai,21.332935989896637,52.427532220019884,71.70303050155559
2025-10-27T21:06:42.493309,Delhi,18.46817733410119,56.57847508121875,75.04562690792581
2025-10-27T21:06:42.493309,Bangalore,22.80250134369913,54.53588150679731,67.84784191455596
2025-10-27T21:06:42.493309,Chennai,16.746832166673453,46.11238151406169,77.93802266152103
2025-10-27T21:06:42.493309,Kolkata,20.03307086130065,35.000702099902945,62.18771967669282
2025-10-27T20:51:42.493309,Mumbai,18.65612357916404,44.13114502354918,67.90387439916995
2025-10-27T20:51:42.493309,Delhi,16.58580481064238,46.07227788507966,73.96765636096902
2025-10-27T20:51:42.493309,Bangalore,15.351298218458197,53.081170355316054,64.71000695197962
2025-10-27T20:51:42.493309,Chennai,17.564981684646625,53.579247784926714,71.82185517701544
2025-10-27T20:51:42.493309,Kolkata,17.936009798468564,45.323226448524224,63.9394214370251
2025-10-27T20:36:42.493309,Mumbai,19.12600706828863,55.242261606478756,68.79543746284219
2025-10-27T20:36:42.493309,Delhi,15.550464914425826,52.91476700162166,67.94006366037075
2025-10-27T20:36:42.493309,Bangalore,18.037126409397327,50.663474396347254,72.18041128598706
2025-10-27T20:36:42.493309,Chennai,20.01860639465875,56.40462851539088,67.06267336955031
2025-10-27T20:36:42.493309,Kolkata,16.08130224263646,56.2047898913112,45.95223350729714
2025-10-27T20:21:42.493309,Mumbai,22.993989519160788,59.83543317248651,62.56096402903904
2025-10-27T20:21:42.493309,Delhi,20.307705440434784,41.572486148561104,62.397068573356975
2025-10-27T20:21:42.493309,Bangalore,17.63259670659144,56.98403192189362,62.12231956887495
2025-10-27T20:21:42.493309,Chennai,16.868928415172313,42.95151286581062,71.33714680621542
2025-10-27T20:21:42.493309,Kolkata,21.952308239545722,53.543068711129195,51.48429456919577
2025-10-27T20:06:42.493309,Mumbai,20.58788021788012,59.40075717551446,58.74024087520869
2025-10-27T20:06:42.493309,Delhi,18.93649389226526,48.697756723574436,64.73560583867716
2025-10-27T20:06:42.493309,Bangalore,19.62490649915452,39.117372923517074,49.883850334776334
2025-10-27T20:06:42.493309,Chennai,17.019102701123465,45.56713343004471,63.341780006466706
2025-10-27T20:06:42.493309,Kolkata,21.872024391629665,50.82068682694166,61.95926693788946
2025-10-27T19:51:42.493309,Mumbai,16.60033886687783,40.87676502302614,64.52168077680648
2025-10-27T19:51:42.493309,Delhi,20.783912296722722,51.29600065738695,69.67445357182983
2025-10-27T19:51:42.493309,Bangalore,16.766012746679746,46.427012833417855,60.89364163224954
2025-10-27T19:51:42.493309,Chennai,21.01900021313982,49.005215040629984,59.43445456048505
2025-10-27T19:51:42.493309,Kolkata,20.57318318244565,36.59512424573178,59.37482912530363
2025-10-27T19:36:42.493309,Mumbai,21.14720168317603,57.97397853399962,49.06670779875075
2025-10-27T19:36:42.493309,Delhi,15.64174365702051,35.963001555907894,64.92016906803423
2025-10-27T19:36:42.493309,Bangalore,19.512931350034698,52.78508278606187,73.23433214991806
2025-10-27T19:36:42.493309,Chennai,18.498859356398366,49.71871603635867,67.04057946500872
2025-10-27T19:36:42.493309,Kolkata,14.69099230551839,44.699678345247264,53.25126997223961
2025-10-27T19:21:42.493309,Mumbai,18.61659853157957,52.62874294729312,54.711947299427706
2025-10-27T19:21:42.493309,Delhi,17.763249962548556,50.60676813633462,63.58563266092142
2025-10-27T19:21:42.493309,Bangalore,17.82367567441302,35.26066421369441,59.84011784269105
2025-10-27T19:21:42.493309,Chennai,16.731062454971052,55.85963034173358,62.854442696928444
2025-10-27T19:21:42.493309,Kolkata,17.312246099424257,53.85870909832793,40.3502889690801
2025-10-27T19:06:42.493309,Mumbai,17.76535652641528,54.28241569102581,72.64887547973841
2025-10-27T19:06:42.493309,Delhi,16.036727384826833,51.82955406757494,67.36718310810437
2025-10-27T19:06:42.493309,Bangalore,18.429757577581316,55.294152616081675,59.1950150436458
2025-10-27T19:06:42.493309,Chennai,16.262596900720695,46.37723892792653,71.95787970830006
2025-10-27T19:06:42.493309,Kolkata,18.739575493763393,45.742049661383795,51.48003270565381
2025-10-27T18:51:42.493309,Mumbai,18.86871377043489,47.74978783476595,34.779795722713125
2025-10-27T18:51:42.493309,Delhi,15.837006318974979,49.87544156008902,68.4460972503384
2025-10-27T18:51:42.493309,Bangalore,18.728016553269857,46.5390821274539,65.80870604042022
2025-10-27T18:51:42.493309,Chennai,17.5638645906046,46.121606550906264,60.01666008456748
2025-10-27T18:51:42.493309,Kolkata,18.502933069630597,47.80233428093328,47.40635236398311
2025-10-27T18:36:42.493309,Mumbai,15.442937960860455,52.372695192838,66.02632827484682
2025-10-27T18:36:42.493309,Delhi,20.102053014958198,48.533375579588125,56.25269314243711
2025-10-27T18:36:42.493309,Bangalore,18.814135548987824,53.558601125613464,65.99671718451046
2025-10-27T18:36:42.493309,Chennai,19.276539408155962,49.01099678213424,40.21006146766956
2025-10-27T18:36:42.493309,Kolkata,20.90576807680008,56.06204660817837,68.18973835876376
2025-10-27T18:21:42.493309,Mumbai,16.212583741667057,49.3671699551085,68.05378664975753
2025-10-27T18:21:42.493309,Delhi,14.33042475808688,50.01208937863686,52.50369315204793
2025-10-27T18:21:42.493309,Bangalore,18.493567705337558,48.9695343204815,53.035212647545514
2025-10-27T18:21:42.493309,Chennai,19.39918612325461,51.08370482451937,62.18135016531486
2025-10-27T18:21:42.493309,Kolkata,18.086136207764685,52.08876501897851,54.42241436756843
2025-10-27T18:06:42.493309,Mumbai,22.113256870989396,56.85165008153468,49.1627590016313
2025-10-27T18:06:42.493309,Delhi,18.946787905429243,58.30097026833383,44.699303482587666
2025-10-27T18:06:42.493309,Bangalore,18.239888301841745,57.82240826486225,67.23003528991728
2025-10-27T18:06:42.493309,Chennai,16.78657584696408,47.95897492868418,51.94869295883474
2025-10-27T18:06:42.493309,Kolkata,18.98711879215595,55.24675457550551,46.3268608555651
2025-10-27T17:51:42.493309,Mumbai,18.83163668131868,49.846582580856065,55.985326025410345
2025-10-27T17:51:42.493309,Delhi,17.29622133755838,51.86591706924448,56.662399328729116
2025-10-27T17:51:42.493309,Bangalore,20.10642224133021,46.4379632451337,49.697484619716946
2025-10-27T17:51:42.493309,Chennai,21.26039718806761,47.913254760895406,70.01440967940488
2025-10-27T17:51:42.493309,Kolkata,18.374918175690674,52.445911149957176,70.14707164263127
2025-10-27T17:36:42.493309,Mumbai,19.700327677484815,44.8484078361411,55.491269490713975
2025-10-27T17:36:42.493309,Delhi,18.87577603365234,41.22244591518607,72.85647945464785
2025-10-27T17:36:42.493309,Bangalore,22.357538326784947,41.78146873056697,59.34821685593902
2025-10-27T17:36:42.493309,Chennai,18.00767973070933,61.757591663138456,60.17827601743448
2025-10-27T17:36:42.493309,Kolkata,16.335869934180618,49.96386561656179,53.98358105324432
2025-10-27T17:21:42.493309,Mumbai,16.76515854129249,60.61368046174996,60.04568577181367
2025-10-27T17:21:42.493309,Delhi,16.742115707600966,49.009908406491405,64.3607635956239
2025-10-27T17:21:42.493309,Bangalore,21.55731591908488,40.49457108784051,66.0677730919874
2025-10-27T17:21:42.493309,Chennai,16.016255829111017,48.17129277383802,56.00837925034082
2025-10-27T17:21:42.493309,Kolkata,19.005905103443354,51.254319123886575,42.63127850585275
2025-10-27T17:06:42.493309,Mumbai,16.537948551326984,49.5267250162719,62.80582645942921
2025-10-27T17:06:42.493309,Delhi,16.405686923017345,54.55296404674286,56.33971209146547
2025-10-27T17:06:42.493309,Bangalore,17.666685892081485,58.997422102402304,69.0222971507591
2025-10-27T17:06:42.493309,Chennai,16.955516516889514,49.93085717393708,50.71929891833424
2025-10-27T17:06:42.493309,Kolkata,15.455058698154007,49.141758790108135,60.88573702836209
2025-10-27T16:51:42.493309,Mumbai,19.20128598693919,44.54342149900978,56.681559426956596
2025-10-27T16:51:42.493309,Delhi,19.291593299731588,50.6424212461885,74.32081183460474
2025-10-27T16:51:42.493309,Bangalore,16.825753423556105,51.06234503824268,52.54167880270796
2025-10-27T16:51:42.493309,Chennai,18.446331880232698,55.040150772187786,50.833889484107566
2025-10-27T16:51:42.493309,Kolkata,19.12543245743999,54.222736007534195,66.2466601770849
2025-10-27T16:36:42.493309,Mumbai,21.25114949484875,52.94759720690379,53.24296600494693
2025-10-27T16:36:42.493309,Delhi,18.372965687521013,50.16527865112432,55.280926517944636
2025-10-27T16:36:42.493309,Bangalore,14.905796279731875,54.537094531455416,59.069314544500166
2025-10-27T16:36:42.493309,Chennai,16.926901177126197,52.279720775796385,63.74279790209577
2025-10-27T16:36:42.493309,Kolkata,18.331226449066392,47.74015420991262,63.2016561288642
